{"train": {"MAE": {"X_mean": [0.4626892824326248, 0.5430900707034986, 0.8243492972422669, 0.9516798678824848], "X_std": [0.12108038538010682, 0.1430921573718386, 0.24327911144034667, 0.2740146556558688], "Y_mean": [0.5344555088848777, 0.608655061076867, 0.8194579760669756, 0.946904270288168], "Y_std": [0.3380287689855995, 0.39170813240068925, 0.5298236939954929, 0.6202086879950679], "Z_mean": [0.5454680354436776, 0.6575574106226715, 1.0195058246375355, 1.194144310271599], "Z_std": [0.20193633786742066, 0.23075737940609614, 0.36383317999401366, 0.4283869915023018]}, "MSE": {"X_mean": [1.080084133661779, 1.4843397030517966, 3.5298441364979736, 4.945209735859256], "X_std": [0.4614604587195589, 0.66455991882059, 2.0253135694496875, 2.7501213923667387], "Y_mean": [1.6614800294257792, 2.3536610536433034, 4.338210849615676, 6.322866921409965], "Y_std": [1.721437321184394, 2.5728634337322025, 4.777898358459082, 7.165757970136936], "Z_mean": [1.805134297378542, 2.570954279042099, 6.059953743207254, 8.965864412185457], "Z_std": [1.370226365973871, 2.0037058655288487, 4.8995374898443576, 7.86765043233899]}, "R2": {"X_mean": [0.9971297522920652, 0.9960855190268922, 0.9911508597354995, 0.9875940939672874], "X_std": [0.000816740410012201, 0.000946634001068216, 0.0016805151881086203, 0.0019659852213690498], "Y_mean": [0.995341750635397, 0.9941419166596981, 0.9894061479995652, 0.9854624631565929], "Y_std": [0.0015888784466619396, 0.0016957608654125642, 0.0025098600597549337, 0.0033059309972056855], "Z_mean": [0.9976304348752423, 0.9966227262148408, 0.9921936939528404, 0.9887175632518601], "Z_std": [0.0007640207343438018, 0.0007502461182696327, 0.0013945782060418668, 0.0014459212926518084]}}, "test": {"MAE": {"X_mean": [1.2268957370824143, 1.4413775837547393, 2.201203863630043, 2.5463260359937716], "X_std": [0.3222668851083517, 0.37845578109049377, 0.6449168136740256, 0.7278947054526115], "Y_mean": [1.432951472131748, 1.619321293760248, 2.1911879231325293, 2.5378966126515357], "Y_std": [0.9136702676311387, 1.044718386976751, 1.4234723721035258, 1.6638916003167419], "Z_mean": [1.4427162236789042, 1.7386833536262518, 2.718546546452955, 3.192839462097562], "Z_std": [0.53458126544741, 0.6115854280006712, 0.9726398467540608, 1.146285891892695]}, "MSE": {"X_mean": [7.3178705870734095, 10.299136030922215, 24.948497718395043, 34.937062507314394], "X_std": [3.0831241118799273, 4.532579092255627, 14.116828600897986, 19.106143352475677], "Y_mean": [11.4507830666975, 16.328846426967146, 30.30800885574364, 45.11298597254164], "Y_std": [11.856639455777323, 17.92110518675301, 33.338722269322275, 51.147841599799435], "Z_mean": [11.932007716485966, 17.394522012795942, 42.58017268640309, 63.67779858767218], "Z_std": [8.593509319722637, 12.985053258963564, 34.86529367263821, 56.66436109714834]}, "R2": {"X_mean": [0.9803429969969992, 0.9725739244745969, 0.9369289493621856, 0.9115968365629317], "X_std": [0.00569119993531862, 0.006495006289968489, 0.012014501249424613, 0.014287949933298122], "Y_mean": [0.9677845108840831, 0.9595153869013262, 0.9262558186416082, 0.8961982527580294], "Y_std": [0.010936078737024426, 0.011540991337530794, 0.017303026013470234, 0.023625919191283252], "Z_mean": [0.9840729277579243, 0.9768265589990262, 0.9454003920968034, 0.9202825008046439], "Z_std": [0.005190434844125141, 0.005280145300936806, 0.009483122448066884, 0.010660022535334206]}}}