{"train": {"MAE": {"X_mean": [0.4626892824326248, 0.46265312333033903, 0.4654640689424018, 0.46595608142272316, 0.4716660331039324, 0.4739842354831034, 0.48264982411447604, 0.5041457909765933, 0.5164839675325117, 0.5917847744279574, 0.6331340839301083, 0.8396582950079768, 0.987716124701546, 1.5734567070148744, 5.647027399936344], "X_std": [0.12108038538010682, 0.12097408982412489, 0.12228676968342049, 0.12243959256857838, 0.12258207463252277, 0.12311430627308814, 0.12449804487408357, 0.12794244557600465, 0.13196781323398452, 0.14371691770792083, 0.15708029767350837, 0.21374716771415825, 0.244108692301517, 0.3904110053358482, 1.735276291225599], "Y_mean": [0.5344555088848777, 0.5344514590213695, 0.5388008025118133, 0.5390738526800629, 0.5445068291042039, 0.5462921723367863, 0.5580579734182232, 0.5877727651280109, 0.6068473082754926, 0.6814020381875268, 0.7236589134134251, 0.9668922999230118, 1.1154794944985897, 1.6726802904855835, 4.851107533140647], "Y_std": [0.3380287689855995, 0.33830253588652137, 0.3422035813095552, 0.3422122766879265, 0.3458183524547566, 0.347072793751399, 0.3550475681647228, 0.37594665037310315, 0.39027932709469343, 0.4362564940644352, 0.46430713964970205, 0.6374573211431588, 0.7325740799336774, 1.107587544082907, 3.3364684886409903], "Z_mean": [0.5454680354436776, 0.5452988557507275, 0.5487472536260057, 0.5487810550927005, 0.5569914716253783, 0.5598773129170513, 0.5724605861958638, 0.6033719107301538, 0.6209167158357423, 0.7210441978851659, 0.781702869452555, 1.0866333724141621, 1.2860309047514178, 2.0767504544469086, 7.393623683673733], "Z_std": [0.20193633786742066, 0.20226606881430295, 0.20371482209624997, 0.2033692331274628, 0.20657572856730572, 0.20806694584199126, 0.2102065939462229, 0.21921558431588797, 0.22445302512914198, 0.25560265321395337, 0.2734383099093907, 0.40698442202283913, 0.4814832659703716, 0.7480189669663189, 2.8422407390682864]}, "MSE": {"X_mean": [1.080084133661779, 1.0835177966085543, 1.0938346471595353, 1.104774402813738, 1.146639473298992, 1.157206122929042, 1.2101893467552598, 1.329369108405153, 1.4123823892286453, 1.8250834032721492, 2.042587733399171, 2.968447938922237, 4.222176825868059, 9.408914212317207, 75.32581078904735], "X_std": [0.4614604587195589, 0.4642262350399312, 0.4717283086027446, 0.4810369196875759, 0.4899996949054357, 0.4966028255801241, 0.5066063952435405, 0.5400300304031869, 0.5732550346902792, 0.7257123426930352, 0.8588789794081736, 1.3775640991566587, 1.918512278508292, 4.273896316599004, 45.106870801195036], "Y_mean": [1.6614800294257792, 1.665327476462044, 1.6939235033498061, 1.7058349610382728, 1.76495218596776, 1.7623078247262043, 1.9035580363533087, 2.1639090612440874, 2.3632802869022855, 2.9573976949086145, 3.35064692703313, 5.165233728322341, 7.162796498483825, 15.238373188009508, 81.58810492238973], "Y_std": [1.721437321184394, 1.7259525184650073, 1.757495050507416, 1.7700231729534621, 1.841476359978335, 1.835605353892485, 2.0008846506449895, 2.2885405002006958, 2.526324759734057, 3.1571195148747377, 3.638937066520772, 5.482983107160698, 7.642959121370787, 16.801953519729672, 94.75286432578613], "Z_mean": [1.805134297378542, 1.8100304163347185, 1.8282612494438726, 1.8439739669920383, 1.9331791601049375, 1.9460286222047942, 2.0866640740847844, 2.2865230096621865, 2.499748711739111, 3.1751595231608487, 3.5558496143687894, 5.581510947695469, 8.042018480482255, 18.327421752348442, 144.9664736108137], "Z_std": [1.370226365973871, 1.369224623973684, 1.386670633078479, 1.4001021059290917, 1.4848482036997255, 1.4849635213660108, 1.611214771282278, 1.6802531147598216, 1.894252885423546, 2.3492063742148144, 2.4820097782662547, 4.0270833780736, 6.185762779792363, 14.009674104192085, 151.55306136303182]}, "R2": {"X_mean": [0.9971297522920652, 0.9971211305047869, 0.9970990155605816, 0.9970743036423785, 0.9969565379594154, 0.9969300553746447, 0.9967812968827625, 0.9964459009456057, 0.9962287324856178, 0.9950833375339142, 0.9945456319243935, 0.992179338081485, 0.9888518964012374, 0.9752434781373489, 0.8168725296336499], "X_std": [0.000816740410012201, 0.0008189351263772496, 0.0008093061061646141, 0.00081743099356874, 0.000838292856284764, 0.000853418710202313, 0.0008395237180872406, 0.0009250045642997954, 0.0009351512358085469, 0.0014272476340382242, 0.0014737980869496713, 0.002226165770456277, 0.003150157674945358, 0.005464822602310838, 0.0247221172147019], "Y_mean": [0.995341750635397, 0.9953312682522173, 0.9952830226556106, 0.995258716987161, 0.9951277109919411, 0.9951183911516153, 0.9949004650559314, 0.9943542762988304, 0.9939709938541947, 0.9923814957371401, 0.9915761673855572, 0.9867245843725682, 0.9821509595170819, 0.9648626811938978, 0.829313322310663], "Y_std": [0.0015888784466619396, 0.0015922110237805405, 0.0015944231928953485, 0.0016000682488789943, 0.001608082833183117, 0.0016184452521748368, 0.0015818997215055264, 0.0016289023583515212, 0.0017038772824784904, 0.002080120319273509, 0.0021503316114376563, 0.004215576542665886, 0.00500913335611294, 0.00758264782393472, 0.02803425436374001], "Z_mean": [0.9976304348752423, 0.9976221365803752, 0.9975987876326149, 0.9975756491483367, 0.997468440531265, 0.9974479210957901, 0.9972490971927606, 0.9969295999252278, 0.9966534913310158, 0.9957055685409496, 0.9950947894502676, 0.9926092275489413, 0.9895685924053557, 0.9758980140641487, 0.8271837655844713], "Z_std": [0.0007640207343438018, 0.0007749960571737176, 0.0007674046959374768, 0.0007733099568703078, 0.0008183837463026741, 0.0008218713511305806, 0.0008047455904205299, 0.0008831841441425576, 0.0009114553366098928, 0.0011869370607542748, 0.0012117815064084717, 0.002318136165626993, 0.0031970576368599434, 0.005623337839755166, 0.015391420311519015]}}, "test": {"MAE": {"X_mean": [1.2268957370824143, 1.2274534971861188, 1.2328567253778817, 1.2340411342421076, 1.2507352217418135, 1.255725034310025, 1.2836762576238896, 1.3446084079442011, 1.376751277446852, 1.582505567310536, 1.697393445411929, 2.2477374810674733, 2.645194199410832, 4.229276068665897, 14.322896628152998], "X_std": [0.3222668851083517, 0.3230821738549025, 0.3255202229518219, 0.3256945409699525, 0.32603130994517043, 0.3272725256433288, 0.3323198589383962, 0.34231237134255016, 0.35252760520526655, 0.3829766288820494, 0.41875614775587017, 0.5661187704977627, 0.6443670017855412, 1.039042059338736, 4.378917743876242], "Y_mean": [1.432951472131748, 1.43260123177539, 1.4457214663742037, 1.4434458804869204, 1.4609822713086693, 1.464843652265341, 1.501990020693774, 1.5812400947797116, 1.6311889124847008, 1.834359106843432, 1.9475012800513198, 2.602401589467103, 2.99613337177384, 4.507328869308798, 12.397931837908565], "Y_std": [0.9136702676311387, 0.9134588102103128, 0.9247308411023423, 0.9219141403666722, 0.9346358386769827, 0.937994654578825, 0.9620765302411469, 1.0166530400730156, 1.0539778150155408, 1.1799424334015818, 1.254013469258946, 1.7250812227338177, 1.9742035691862385, 2.9872155158147717, 8.536096469447202], "Z_mean": [1.4427162236789042, 1.4433631515738385, 1.4496020475385585, 1.4509781282019523, 1.4750446443164356, 1.4810257643957008, 1.5205613886334532, 1.606045853160504, 1.6533043758569639, 1.9265807493269382, 2.0886058404140124, 2.9088667651610827, 3.443420835721809, 5.585729917014486, 18.891582424870858], "Z_std": [0.53458126544741, 0.5363594405580974, 0.5383541344711997, 0.5385848722023043, 0.5475485307373139, 0.5507791906888791, 0.5565747826043467, 0.583814095497396, 0.5973295127736257, 0.6820365947582335, 0.7309945474539055, 1.0875607328790682, 1.2814727925737175, 2.0050195263494306, 7.199813564838827]}, "MSE": {"X_mean": [7.3178705870734095, 7.384663326321174, 7.447850702359251, 7.522591482054798, 7.770358553780718, 7.872629916979033, 8.391903553361193, 9.26882103176112, 9.795184122842816, 12.662124631305257, 14.31332109320847, 20.56839647813092, 29.58376647814027, 66.73111277934308, 455.52833171539555],